{
  "model": "meta-llama/Llama-3.1-8B-Instruct",
  "n_total": 800,
  "n_clean": 642,
  "n_transformer_layers": 32,
  "excl_unmeasurable": 115,
  "excl_no_commit": 43,
  "excl_unstable": 0,
  "flag_lens_sensitive": 307,
  "rescued_by_tuned": 120,
  "no_commit_k1": 3,
  "no_commit_k2": 163,
  "no_commit_k3": 383,
  "H2_upper_third_prop": 0.7866043613707165,
  "H2_binomial_p": 1.3223751866135065e-122,
  "L_star_median": 28.0,
  "L_star_norm_median": 0.875,
  "H3_cohens_d": -0.10427154430114938,
  "H3_welch_t": -1.0303636132371237,
  "H3_welch_p": 0.30420654730140206,
  "L_star_correct_mean": 26.083172147001935,
  "L_star_incorrect_mean": 25.432,
  "k_sensitivity_frac_moved_gt2": 0.5638629283489096,
  "lens": "logit+tuned"
}