{
  "model": "mistralai/Mistral-7B-Instruct-v0.3",
  "n_total": 800,
  "n_clean": 530,
  "n_transformer_layers": 32,
  "excl_unmeasurable": 259,
  "excl_no_commit": 11,
  "excl_unstable": 0,
  "flag_lens_sensitive": 254,
  "rescued_by_tuned": 11,
  "no_commit_k1": 2,
  "no_commit_k2": 22,
  "no_commit_k3": 49,
  "H2_upper_third_prop": 0.769811320754717,
  "H2_binomial_p": 5.206952001952097e-94,
  "L_star_median": 27.0,
  "L_star_norm_median": 0.84375,
  "H3_cohens_d": 0.1068429069982201,
  "H3_welch_t": 1.0876168726153754,
  "H3_welch_p": 0.2778525025970795,
  "L_star_correct_mean": 25.0025,
  "L_star_incorrect_mean": 25.6,
  "k_sensitivity_frac_moved_gt2": 0.17547169811320754,
  "lens": "logit+tuned"
}