{
  "model": "google/gemma-2-9b-it",
  "n_total": 800,
  "n_clean": 747,
  "n_transformer_layers": 42,
  "excl_unmeasurable": 18,
  "excl_no_commit": 35,
  "excl_unstable": 0,
  "flag_lens_sensitive": 335,
  "rescued_by_tuned": 20,
  "no_commit_k1": 17,
  "no_commit_k2": 55,
  "no_commit_k3": 141,
  "H2_upper_third_prop": 0.9250334672021419,
  "H2_binomial_p": 3.997073051966268e-255,
  "L_star_median": 37.0,
  "L_star_norm_median": 0.8809523809523809,
  "H3_cohens_d": 0.004483860495051806,
  "H3_welch_t": 0.051250995201029166,
  "H3_welch_p": 0.9591612144738833,
  "L_star_correct_mean": 35.231046931407946,
  "L_star_incorrect_mean": 35.259067357512954,
  "k_sensitivity_frac_moved_gt2": 0.18741633199464525,
  "lens": "logit+tuned"
}