{
  "model": "Qwen/Qwen2.5-7B-Instruct",
  "n_total": 800,
  "n_clean": 550,
  "n_transformer_layers": 28,
  "excl_unmeasurable": 74,
  "excl_no_commit": 176,
  "excl_unstable": 0,
  "flag_lens_sensitive": 130,
  "rescued_by_tuned": 60,
  "no_commit_k1": 48,
  "no_commit_k2": 236,
  "no_commit_k3": 382,
  "H2_upper_third_prop": 0.9581818181818181,
  "H2_binomial_p": 8.508330078636655e-216,
  "L_star_median": 25.0,
  "L_star_norm_median": 0.8928571428571429,
  "H3_cohens_d": -0.08204501902223262,
  "H3_welch_t": -0.9277293631778849,
  "H3_welch_p": 0.354098704043293,
  "L_star_correct_mean": 24.891304347826086,
  "L_star_incorrect_mean": 24.583333333333332,
  "k_sensitivity_frac_moved_gt2": 0.3890909090909091,
  "lens": "logit+tuned"
}