{
  "n_features": 12,
  "block_offset": 1,
  "observed_statistic": 0.3307560682610713,
  "null_mean": 0.25206778217002657,
  "null_std": 0.11546094827501038,
  "p_one_sided": 0.2229,
  "p_two_sided": 0.5016,
  "z_score": 0.6815142891684876,
  "n_permutations": 10000,
  "per_layer_weight_sum": {
    "1": 0.697373727726591,
    "13": 0.9761953301374252,
    "14": 9.622381018378265,
    "19": 1.9099320420032107,
    "20": 5.352010181310717,
    "24": 2.387362685747725,
    "26": 0.8672242477998768,
    "28": 1.3491575332601744,
    "30": 0.46306417321563087
  },
  "per_layer_abs_dauroc": {
    "1": 0.044212394810659195,
    "13": 0.011925111033193103,
    "14": 0.02560337774661059,
    "19": 0.0040066912108461805,
    "20": 0.0004455937353903261,
    "24": 0.008177740766713404,
    "26": 0.004956317204301064,
    "28": 0.002856182795698936,
    "30": 0.00907988546049554
  },
  "layer_aurocs": [
    0.49649368863955123,
    0.6085422510518934,
    0.5849184782608696,
    0.5756998013090229,
    0.5931290906965871,
    0.6132684665731649,
    0.6170377512856475,
    0.6383751168770453,
    0.6086810425432445,
    0.6351171692379618,
    0.6737450327255727,
    0.6986471482000933,
    0.7123728962131837,
    0.7066824450677887,
    0.7362231182795699,
    0.7578892005610098,
    0.7391377395979429,
    0.7306057152875175,
    0.7289256077606359,
    0.7266538101916784,
    0.7369389901823282,
    0.7257626227208978,
    0.7225631136044881,
    0.7098746493688639,
    0.7325341865357644,
    0.7262301309022907,
    0.7207588242169238,
    0.7163174964936886,
    0.7203424497428705,
    0.7220298620850865,
    0.7208976157082749,
    0.7401896330060775,
    0.7172232935951379
  ]
}