{
  "n_features": 41,
  "block_offset": 1,
  "observed_statistic": 0.7592690785979568,
  "null_mean": 0.8302170372523316,
  "null_std": 0.1667777062267865,
  "p_one_sided": 0.6314,
  "p_two_sided": 0.6733,
  "z_score": -0.4254043316645301,
  "n_permutations": 10000,
  "per_layer_weight_sum": {
    "2": 2.274189791767473,
    "4": 2.2039734391271826,
    "5": 1.6709922990285555,
    "6": 2.669593471588614,
    "8": 1.2567338054854484,
    "15": 7.801149030783178,
    "16": 11.271767821380543,
    "17": 9.947852026755138,
    "18": 1.771892026977147,
    "19": 5.015465795923202,
    "20": 2.8854092067329593,
    "21": 7.892512743125123,
    "22": 1.5730408531469915,
    "23": 2.911236880673324,
    "24": 0.960499919672679,
    "26": 3.8922135761643197,
    "27": 5.3409200005311375,
    "28": 5.67097758189136
  },
  "per_layer_abs_dauroc": {
    "2": 0.02835834002408677,
    "4": 0.012438528703331952,
    "5": 0.0003481282617422976,
    "6": 0.008499347651545586,
    "8": 0.014455163588920128,
    "15": 0.011077378562826201,
    "16": 0.01536782416700122,
    "17": 0.01096760839020472,
    "18": 0.009070152549176924,
    "19": 0.0075333701324769575,
    "20": 0.010327805098354126,
    "21": 0.0022236300682456633,
    "22": 0.0005519871537535415,
    "23": 0.003089246286631875,
    "24": 0.01191163187474914,
    "26": 0.007019018466479288,
    "27": 0.003989361702127603,
    "28": 0.015173374146928764
  },
  "layer_aurocs": [
    0.4979927739863509,
    0.5527085006021677,
    0.5964911180248896,
    0.6094251806503412,
    0.6312976716178241,
    0.6343022380570051,
    0.6306014150943395,
    0.6513009333600963,
    0.6698364110798877,
    0.6802112605379366,
    0.6692467884383781,
    0.6821996688077077,
    0.6984832898434363,
    0.7080866118024889,
    0.7094665796868727,
    0.7038588920112405,
    0.7316213368125251,
    0.734594540345243,
    0.7535565535929345,
    0.7527348454435968,
    0.7686232938578884,
    0.7733904556403051,
    0.7641760337213971,
    0.7744944299478121,
    0.7703545262946608,
    0.7506711661983139,
    0.7575145523885989,
    0.7647092031312724,
    0.7495358289843437
  ]
}