{
  "n_features": 13,
  "block_offset": 1,
  "observed_statistic": 0.44794422586522054,
  "null_mean": 0.4168483266425873,
  "null_std": 0.18795558179425778,
  "p_one_sided": 0.3505,
  "p_two_sided": 0.8488,
  "z_score": 0.16544280795292557,
  "n_permutations": 10000,
  "per_layer_weight_sum": {
    "8": 0.0021547003837786944,
    "15": 1.4409421959496262,
    "16": 0.5452146036316575,
    "20": 19.32293851938822,
    "22": 1.827646373521355,
    "24": 2.1163957361099874,
    "32": 3.9756671600307683,
    "35": 1.0791362947269907,
    "36": 4.379552377771782,
    "38": 0.9828779794582437,
    "39": 8.318706062494458,
    "41": 0.8136647398476285
  },
  "per_layer_abs_dauroc": {
    "8": 0.00342889652574363,
    "15": 0.0013492630947712914,
    "16": 0.011616732399996943,
    "20": 0.014038486672663386,
    "22": 0.009621668165847919,
    "24": 0.0029945183784240714,
    "32": 0.0008764444034412011,
    "35": 0.009879219810718765,
    "36": 0.006865481160289455,
    "38": 0.012789168992319522,
    "39": 0.010125239292386456,
    "41": 0.004251524167569964
  },
  "layer_aurocs": [
    0.4963097077749844,
    0.5695812287135488,
    0.5969970247018935,
    0.5827125185475626,
    0.6305094909703162,
    0.6315320094409976,
    0.6364523990743517,
    0.6418725157798433,
    0.6374979818714395,
    0.635014722728356,
    0.6507292171198806,
    0.6577638366738167,
    0.6514672755648838,
    0.6836496990105405,
    0.6951357335609013,
    0.6968886223677837,
    0.6924372073713587,
    0.6736551575677898,
    0.6908611450669249,
    0.7057991404694359,
    0.7126876859561315,
    0.7338761138147627,
    0.7400342889652572,
    0.7531194501464585,
    0.7366592092011287,
    0.7591084869033067,
    0.7756302327190534,
    0.7839641426605469,
    0.7894765166716639,
    0.7982486488148781,
    0.7804506769379801,
    0.767104120057507,
    0.7726164940686241,
    0.7688570088643895,
    0.7737158936273266,
    0.7818268484135587,
    0.7934743332487642,
    0.7955578107341376,
    0.8041915569189135,
    0.8211361487187766,
    0.8244420355036864,
    0.8258028307616609,
    0.8159389871685465
  ]
}