{
  "n_features": 18,
  "block_offset": 1,
  "observed_statistic": 0.517970305375073,
  "null_mean": 0.5903322851769063,
  "null_std": 0.1864262574056728,
  "p_one_sided": 0.6164,
  "p_two_sided": 0.7072,
  "z_score": -0.38815336856750715,
  "n_permutations": 10000,
  "per_layer_weight_sum": {
    "1": 2.6818647540744354,
    "8": 8.446289007726163,
    "10": 6.789588526812154,
    "13": 2.348155330656695,
    "14": 0.5199654690492653,
    "15": 2.0698171293817533,
    "19": 17.034568052879496,
    "21": 1.7239255937963187,
    "25": 2.4971359524034513,
    "26": 1.7397354035841655,
    "29": 1.5372871894561033,
    "31": 7.54612868291222,
    "32": 0.3212734071812958
  },
  "per_layer_abs_dauroc": {
    "1": 0.044212394810659195,
    "8": 0.0016289738195417458,
    "10": 0.031764989481065764,
    "13": 0.011925111033193103,
    "14": 0.02560337774661059,
    "15": 0.0014573106591865281,
    "19": 0.0040066912108461805,
    "21": 0.007187938288920059,
    "25": 0.005887681159420288,
    "26": 0.004956317204301064,
    "29": 0.00027758298270219584,
    "31": 0.0018371610565685037,
    "32": 0.022966339410939618
  },
  "layer_aurocs": [
    0.49649368863955123,
    0.6085422510518934,
    0.5849184782608696,
    0.5756998013090229,
    0.5931290906965871,
    0.6132684665731649,
    0.6170377512856475,
    0.6383751168770453,
    0.6086810425432445,
    0.6351171692379618,
    0.6737450327255727,
    0.6986471482000933,
    0.7123728962131837,
    0.7066824450677887,
    0.7362231182795699,
    0.7578892005610098,
    0.7391377395979429,
    0.7306057152875175,
    0.7289256077606359,
    0.7266538101916784,
    0.7369389901823282,
    0.7257626227208978,
    0.7225631136044881,
    0.7098746493688639,
    0.7325341865357644,
    0.7262301309022907,
    0.7207588242169238,
    0.7163174964936886,
    0.7203424497428705,
    0.7220298620850865,
    0.7208976157082749,
    0.7401896330060775,
    0.7172232935951379
  ]
}