{
  "n_features": 9,
  "block_offset": 1,
  "observed_statistic": 0.11134634986184443,
  "null_mean": 0.24177185159143547,
  "null_std": 0.09429109329272574,
  "p_one_sided": 0.9539,
  "p_two_sided": 0.1544,
  "z_score": -1.3832218629950888,
  "n_permutations": 10000,
  "per_layer_weight_sum": {
    "12": 0.3703737744808274,
    "17": 1.0366630577902134,
    "18": 2.1158089598099177,
    "19": 8.068346403162108,
    "20": 2.0994306173585215,
    "21": 1.5167199424731443,
    "24": 2.7744745608725694,
    "27": 0.6787480673994898
  },
  "per_layer_abs_dauroc": {
    "12": 0.015325028232636928,
    "17": 0.006131775832862785,
    "18": 0.0019674618859401583,
    "19": 0.006303818464144517,
    "20": 0.002911490683229767,
    "21": 0.014795666290231546,
    "24": 0.0041069664031621045,
    "27": 0.00639645680406542
  },
  "layer_aurocs": [
    0.4971767363071711,
    0.5263798701298701,
    0.5669466403162056,
    0.567484824957651,
    0.5575857566346697,
    0.5253829051383399,
    0.5821922642574817,
    0.5812305900621119,
    0.6033579192546583,
    0.6576969226425748,
    0.662884669678148,
    0.6913731648785997,
    0.71973814229249,
    0.7220232213438735,
    0.7238759881422925,
    0.7165707933370977,
    0.7380011293054772,
    0.7593255928853755,
    0.7502646809712028,
    0.7553906691134952,
    0.7628723178994918,
    0.7495676877470356,
    0.7332809853190287,
    0.7314811547148503,
    0.7257993365330322,
    0.7396950875211745,
    0.7321428571428572,
    0.7333339215132693,
    0.744935770750988,
    0.7615842038396385,
    0.7729654856013551,
    0.7879552512704686,
    0.7715803218520609
  ]
}