{
  "position": "prompt_final",
  "n_samples": 800,
  "n_correct": 552,
  "layer_aurocs": [
    0.49649368863955123,
    0.6085422510518934,
    0.5849184782608696,
    0.5756998013090229,
    0.5931290906965871,
    0.6132684665731649,
    0.6170377512856475,
    0.6383751168770453,
    0.6086810425432445,
    0.6351171692379618,
    0.6737450327255727,
    0.6986471482000933,
    0.7123728962131837,
    0.7066824450677887,
    0.7362231182795699,
    0.7578892005610098,
    0.7391377395979429,
    0.7306057152875175,
    0.7289256077606359,
    0.7266538101916784,
    0.7369389901823282,
    0.7257626227208978,
    0.7225631136044881,
    0.7098746493688639,
    0.7325341865357644,
    0.7262301309022907,
    0.7207588242169238,
    0.7163174964936886,
    0.7203424497428705,
    0.7220298620850865,
    0.7208976157082749,
    0.7401896330060775,
    0.7172232935951379
  ],
  "buildup": {
    "peak_layer": 15,
    "peak_auroc": 0.7578892005610098,
    "final_auroc": 0.7172232935951379,
    "monotonicity_rho": 0.6901737967914439,
    "monotonicity_p": 8.822356500274642e-06,
    "post_peak_decline": 0.04066590696587191,
    "n_local_peaks": 8,
    "local_peak_layers": [
      1,
      7,
      12,
      15,
      20,
      24,
      29,
      31
    ],
    "is_monotonic": false
  },
  "separation": {
    "max_cohens_d": 0.9889791734090738,
    "max_d_layer": 15,
    "decision_layer": 7,
    "max_sharpness_layer": 0
  },
  "cohens_d_curve": [
    -0.014322789946802417,
    0.36103950493198106,
    0.2873540999493069,
    0.26517178191114943,
    0.31275383628133324,
    0.4043671793941206,
    0.43930045379222793,
    0.500958293100702,
    0.4068509273665003,
    0.4971238653294729,
    0.6558017114065405,
    0.7484826540567042,
    0.7954434972196264,
    0.766665623682712,
    0.8909809922995691,
    0.9889791734090738,
    0.8979167659475252,
    0.8488636514151787,
    0.8630823678931393,
    0.8448216844988236,
    0.888691904545611,
    0.8576222662776193,
    0.8270649985289132,
    0.7892423756521079,
    0.8874478436746152,
    0.8671566612718473,
    0.8437384061080206,
    0.8356560687529417,
    0.8412789111713175,
    0.8346082353876229,
    0.8294045591665627,
    0.9054126299058565,
    0.8055976887600675
  ],
  "bistability_peak": {
    "layer": 15,
    "bimodality_coefficient": 0.3393456873446674,
    "bc_suggests_bimodal": false,
    "gmm_prefers_bimodal": false,
    "bic_diff_1_minus_2": -22.97474525085545
  },
  "bistability_maxsep": {
    "layer": 15,
    "bimodality_coefficient": 0.3393456873446674,
    "bc_suggests_bimodal": false,
    "gmm_prefers_bimodal": false,
    "bic_diff_1_minus_2": -22.97474525085545
  },
  "competition_signatures": 0
}