{
  "position": "prompt_final",
  "n_samples": 800,
  "n_correct": 573,
  "layer_aurocs": [
    0.4963097077749844,
    0.5695812287135488,
    0.5969970247018935,
    0.5827125185475626,
    0.6305094909703162,
    0.6315320094409976,
    0.6364523990743517,
    0.6418725157798433,
    0.6374979818714395,
    0.635014722728356,
    0.6507292171198806,
    0.6577638366738167,
    0.6514672755648838,
    0.6836496990105405,
    0.6951357335609013,
    0.6968886223677837,
    0.6924372073713587,
    0.6736551575677898,
    0.6908611450669249,
    0.7057991404694359,
    0.7126876859561315,
    0.7338761138147627,
    0.7400342889652572,
    0.7531194501464585,
    0.7366592092011287,
    0.7591084869033067,
    0.7756302327190534,
    0.7839641426605469,
    0.7894765166716639,
    0.7982486488148781,
    0.7804506769379801,
    0.767104120057507,
    0.7726164940686241,
    0.7688570088643895,
    0.7737158936273266,
    0.7818268484135587,
    0.7934743332487642,
    0.7955578107341376,
    0.8041915569189135,
    0.8211361487187766,
    0.8244420355036864,
    0.8258028307616609,
    0.8159389871685465
  ],
  "buildup": {
    "peak_layer": 41,
    "peak_auroc": 0.8258028307616609,
    "final_auroc": 0.8159389871685465,
    "monotonicity_rho": 0.9738749622470552,
    "monotonicity_p": 5.099987713164125e-28,
    "post_peak_decline": 0.00986384359311443,
    "n_local_peaks": 7,
    "local_peak_layers": [
      7,
      11,
      15,
      23,
      29,
      32,
      41
    ],
    "is_monotonic": true
  },
  "separation": {
    "max_cohens_d": 1.337859477250723,
    "max_d_layer": 41,
    "decision_layer": 14,
    "max_sharpness_layer": 0
  },
  "cohens_d_curve": [
    -0.01505601261432133,
    0.21614172797025813,
    0.3311831633877653,
    0.2849105904648034,
    0.43768486557728403,
    0.47894075010119974,
    0.5034462880023008,
    0.5105188661601573,
    0.4899223610230716,
    0.4750085024523863,
    0.5463883063198024,
    0.5625519835029066,
    0.5480120948036974,
    0.6671820440199168,
    0.7057758524849151,
    0.7110873884774525,
    0.6940879951795943,
    0.6457380997748374,
    0.704762370746582,
    0.7655965778351659,
    0.7790245931103805,
    0.8855550519928603,
    0.9124798524473321,
    0.9620559404889941,
    0.8981242499493877,
    1.0026495756045806,
    1.0753472541930897,
    1.1308998703615716,
    1.1471235691198458,
    1.1931318756888596,
    1.109312540222333,
    1.0481095982656559,
    1.0726269129596397,
    1.0503382276709479,
    1.0712960297435221,
    1.1081636540173243,
    1.17074660374574,
    1.183478667096666,
    1.2158343595891978,
    1.3032684661121026,
    1.3375038398938741,
    1.337859477250723,
    1.2828727514019571
  ],
  "bistability_peak": {
    "layer": 41,
    "bimodality_coefficient": 0.39180452954212236,
    "bc_suggests_bimodal": false,
    "gmm_prefers_bimodal": false,
    "bic_diff_1_minus_2": -7.978484131665027
  },
  "bistability_maxsep": {
    "layer": 41,
    "bimodality_coefficient": 0.39180452954212236,
    "bc_suggests_bimodal": false,
    "gmm_prefers_bimodal": false,
    "bic_diff_1_minus_2": -7.978484131665027
  },
  "competition_signatures": 0
}