{
  "position": "prompt_final",
  "n_samples": 800,
  "n_correct": 424,
  "layer_aurocs": [
    0.4979927739863509,
    0.5527085006021677,
    0.5964911180248896,
    0.6094251806503412,
    0.6312976716178241,
    0.6343022380570051,
    0.6306014150943395,
    0.6513009333600963,
    0.6698364110798877,
    0.6802112605379366,
    0.6692467884383781,
    0.6821996688077077,
    0.6984832898434363,
    0.7080866118024889,
    0.7094665796868727,
    0.7038588920112405,
    0.7316213368125251,
    0.734594540345243,
    0.7535565535929345,
    0.7527348454435968,
    0.7686232938578884,
    0.7733904556403051,
    0.7641760337213971,
    0.7744944299478121,
    0.7703545262946608,
    0.7506711661983139,
    0.7575145523885989,
    0.7647092031312724,
    0.7495358289843437
  ],
  "buildup": {
    "peak_layer": 23,
    "peak_auroc": 0.7744944299478121,
    "final_auroc": 0.7495358289843437,
    "monotonicity_rho": 0.9310344827586206,
    "monotonicity_p": 2.4586468637536133e-13,
    "post_peak_decline": 0.02495860096346847,
    "n_local_peaks": 7,
    "local_peak_layers": [
      5,
      9,
      14,
      18,
      21,
      23,
      27
    ],
    "is_monotonic": true
  },
  "separation": {
    "max_cohens_d": 1.0419466985190877,
    "max_d_layer": 24,
    "decision_layer": 7,
    "max_sharpness_layer": 0
  },
  "cohens_d_curve": [
    -0.010033951295261497,
    0.15999044277473048,
    0.30811360961957257,
    0.35530352508659174,
    0.4829617642437285,
    0.47641185872672587,
    0.47577202397008134,
    0.5229589103901773,
    0.5906877324676175,
    0.6633118058103371,
    0.5952838495530571,
    0.6441385284047714,
    0.6967627281158137,
    0.7347912888567322,
    0.73302728993991,
    0.7143640418574834,
    0.8364356221667284,
    0.868838737465615,
    0.9367460623910311,
    0.9411192412677533,
    1.017642095293933,
    1.0380051817267957,
    0.9977382453057223,
    1.0355492539525046,
    1.0419466985190877,
    0.9530720389723141,
    0.9988771307608567,
    1.0249373356047884,
    0.9361106637947684
  ],
  "bistability_peak": {
    "layer": 23,
    "bimodality_coefficient": 0.37542176073222666,
    "bc_suggests_bimodal": false,
    "gmm_prefers_bimodal": false,
    "bic_diff_1_minus_2": -12.339300963884853
  },
  "bistability_maxsep": {
    "layer": 24,
    "bimodality_coefficient": 0.41613776732530344,
    "bc_suggests_bimodal": false,
    "gmm_prefers_bimodal": true,
    "bic_diff_1_minus_2": 1.560312475246974
  },
  "competition_signatures": 0
}