{
  "position": "prompt_final",
  "n_samples": 800,
  "n_correct": 616,
  "layer_aurocs": [
    0.4971767363071711,
    0.5263798701298701,
    0.5669466403162056,
    0.567484824957651,
    0.5575857566346697,
    0.5253829051383399,
    0.5821922642574817,
    0.5812305900621119,
    0.6033579192546583,
    0.6576969226425748,
    0.662884669678148,
    0.6913731648785997,
    0.71973814229249,
    0.7220232213438735,
    0.7238759881422925,
    0.7165707933370977,
    0.7380011293054772,
    0.7593255928853755,
    0.7502646809712028,
    0.7553906691134952,
    0.7628723178994918,
    0.7495676877470356,
    0.7332809853190287,
    0.7314811547148503,
    0.7257993365330322,
    0.7396950875211745,
    0.7321428571428572,
    0.7333339215132693,
    0.744935770750988,
    0.7615842038396385,
    0.7729654856013551,
    0.7879552512704686,
    0.7715803218520609
  ],
  "buildup": {
    "peak_layer": 31,
    "peak_auroc": 0.7879552512704686,
    "final_auroc": 0.7715803218520609,
    "monotonicity_rho": 0.8970588235294118,
    "monotonicity_p": 1.592867469511694e-12,
    "post_peak_decline": 0.01637492941840768,
    "n_local_peaks": 5,
    "local_peak_layers": [
      14,
      17,
      20,
      25,
      31
    ],
    "is_monotonic": true
  },
  "separation": {
    "max_cohens_d": 1.1101709472065522,
    "max_d_layer": 31,
    "decision_layer": 10,
    "max_sharpness_layer": 5
  },
  "cohens_d_curve": [
    -0.014157262375255695,
    0.06959484520639633,
    0.22692971017484653,
    0.2201753676195062,
    0.23054903557470088,
    0.11375410091141232,
    0.3126964013101521,
    0.27410691936530424,
    0.3476438004996728,
    0.5317015823215404,
    0.5872808170479544,
    0.6751577144525945,
    0.7892184994602686,
    0.8232514294879534,
    0.8377897487447032,
    0.7939330904409951,
    0.8719786262681648,
    0.9592875008943998,
    0.932221426025066,
    0.9559991783226721,
    0.9793149408676702,
    0.9165895158948068,
    0.8490555979438378,
    0.8652510958508812,
    0.8266006696196925,
    0.8763942815708585,
    0.8425645517049242,
    0.8597616663851637,
    0.9049939158460298,
    0.9981072520918938,
    1.0504729118643157,
    1.1101709472065522,
    1.0456296229864384
  ],
  "bistability_peak": {
    "layer": 31,
    "bimodality_coefficient": 0.3469094305328898,
    "bc_suggests_bimodal": false,
    "gmm_prefers_bimodal": false,
    "bic_diff_1_minus_2": -16.677976490706897
  },
  "bistability_maxsep": {
    "layer": 31,
    "bimodality_coefficient": 0.3469094305328898,
    "bc_suggests_bimodal": false,
    "gmm_prefers_bimodal": false,
    "bic_diff_1_minus_2": -16.677976490706897
  },
  "competition_signatures": 0
}